accuracy,precision,recall
0.42424242424242425,0.9090909090909091,0.35714285714285715
0.3939393939393939,0.9,0.32142857142857145
0.5151515151515151,1.0,0.42857142857142855
