,accuracy,precision,recall
lrc,0.6666666666666666,0.8461538461538461,0.55
svc,0.7575757575757576,0.8,0.8
dtc,0.696969696969697,0.7272727272727273,0.8
