,accuracy,precision,recall
lrc,0.5757575757575758,0.9375,0.5357142857142857
svc,0.48484848484848486,0.9230769230769231,0.42857142857142855
dtc,0.36363636363636365,1.0,0.25
