,accuracy,precision,recall
lrc,0.42424242424242425,0.9090909090909091,0.35714285714285715
svc,0.3939393939393939,0.9,0.32142857142857145
dtc,0.45454545454545453,1.0,0.35714285714285715
