,accuracy,precision,recall
lrc,0.7272727272727273,0.9523809523809523,0.7142857142857143
svc,0.8181818181818182,1.0,0.7857142857142857
dtc,0.6666666666666666,0.8695652173913043,0.7142857142857143
