,accuracy,precision,recall
lrc,0.5757575757575758,0.7142857142857143,0.5
svc,0.5757575757575758,0.8,0.4
dtc,0.5757575757575758,0.875,0.35
