accuracy,precision,recall
0.7272727272727273,0.9523809523809523,0.7142857142857143
0.8181818181818182,1.0,0.7857142857142857
0.6060606060606061,0.8571428571428571,0.6428571428571429
