,accuracy,precision,recall
lrc,0.6060606060606061,0.7692307692307693,0.5
svc,0.48484848484848486,0.6666666666666666,0.3
dtc,0.5151515151515151,0.75,0.3
