,accuracy,precision,recall
lrc,0.5757575757575758,0.9375,0.5357142857142857
svc,0.48484848484848486,0.9230769230769231,0.42857142857142855
dtc,0.3939393939393939,0.9,0.32142857142857145
