,accuracy,precision,recall,roc_auc
isoforest,0.924198250728863,0.0,0.0,0.5673607740839601
isoforest_pca,0.924198250728863,0.0,0.0,0.5409544861684057
