,accuracy,precision,recall,roc_auc
isoforest,0.924198250728863,0.0,0.0,0.5726708474884737
isoforest_pca,0.924198250728863,0.0,0.0,0.5530666100461054
