,param_kernel,mean_test_score,rank_test_score,mean_fit_time
0,linear,0.23910698184494472,4,131.2994023958842
1,poly,0.5194389945205036,3,132.46654844284058
2,rbf,0.9970501474926253,2,122.37486561139424
3,laplacian,1.0,1,96.20951175689697
