,param_kernel,mean_test_score,rank_test_score,mean_fit_time
0,linear,0.2438141197497766,4,122.71343485514323
1,poly,0.3169660600650827,3,125.25386889775594
2,rbf,0.3684242984890533,2,110.00228865941365
3,laplacian,1.0,1,79.20791093508403
