,accuracy,precision,recall,roc_auc
AdaBoostClassifier,0.8855685131195336,0.15584415584415584,0.11538461538461539,0.6333243599854405
GradientBoostingClassifier,0.924198250728863,0.0,0.0,0.7640448692671682
XGBClassifier,0.7849854227405247,0.1706896551724138,0.47596153846153844,0.7269226977675323
